URL,Status
https://realtyassistant.in/,Success
https://realtyassistant.in/about-us,Success
https://realtyassistant.in/what-we-do,Success
https://realtyassistant.in/testimonials,Success
https://realtyassistant.in/life-at-ra,Success
https://realtyassistant.in/news,Success
https://realtyassistant.in/awards-and-recognition,Success
https://realtyassistant.in/career,Success
https://realtyassistant.in/faqs,Success
https://realtyassistant.in/blog,Success
https://realtyassistant.in/properties,Success
https://realtyassistant.in/contact-us,Success
https://realtyassistant.in/emi-calculator,Success
https://realtyassistant.in/privacy-policy,Success
https://realtyassistant.in/news/pararthya-s-project-rahat-to-bring-relief-to-migrant-workers-in-ncr,Success
https://realtyassistant.in/news/india-can-be-the-epicentre-of-global-investments,Success
https://realtyassistant.in/news/nris-can-now-benefit-from-indian-real-estate-market,Success
https://realtyassistant.in/news/join-locality-spotlight-webinar-with-realtyassistant-ceo-founder-ankit-pradhan-and-appreciated-panelist,Success
https://realtyassistant.in/news/realty-specific-points-to-ponder,Success
https://realtyassistant.in/news/should-you-invest-in-property-now,Success
https://realtyassistant.in/news/noida-real-estate-bounces-back-with-optimism,Success
https://realtyassistant.in/news/achiever-s-success-story,Success
https://realtyassistant.in/news/noida-poised-to-emerge-as-commercial-hub,Success
https://realtyassistant.in/news/unleash-the-real-estate-market-s-true-potential-and-contribute-to-economic,Success
https://realtyassistant.in/news/the-shifting-technological-paradigm-promoting-the-economic-resurgence-of-the-country,Success
https://realtyassistant.in/news/to-develop-management-skills-from-failures,Success
https://realtyassistant.in/news/keep-it-real,Success
https://realtyassistant.in/news/realty-assistant-awarded-best-property-management-firm-by-estate-awards-and-summit,Success
https://realtyassistant.in/news/press-network-of-india-acknowledging-the-success-of-reality-assistant,Success
https://realtyassistant.in/news/real-estate-advisory-firm-realty-assistant-introduces-menstrual-leave-policy,Success
https://realtyassistant.in/news/loaded-laminates,Success
https://realtyassistant.in/news/pararthya-ngo-s-project-rahat-bring-relief-to-migrant-workers-in-delhi-ncr,Success
https://realtyassistant.in/news/pararthya-ngo-s-project-rahat-drive-to-bring-relief-to-migrant-workers-in-delhi-ncr,Success
https://realtyassistant.in/news/real-estate-sector-will-labour-reforms-unlocking-the-economy-bring-positive-tides-experts-answer,Success
https://realtyassistant.in/news/ngo-pararthya-s-project-rahat-drive-to-bring-relief-to-migrant-workers-in-delhi-ncr,Success
https://realtyassistant.in/news/to-break-free-from-monotony,Success
https://realtyassistant.in/news/business-realty-assistant-incorporates-first-day-of-period-leave-policy,Success
https://realtyassistant.in/news/realty-assistant-incorporates-first-day-of-period-leave-policy,Success
https://realtyassistant.in/news/viraaj-ventures-annual-felicitation-a-roaring-success,Success
https://realtyassistant.in/news/viraaj-ventures-to-create-1000-jobs-in-up-lucknow-regional-hq-inaugurated,Success
https://realtyassistant.in/awards-and-recognition/emerging-company-of-the-year-2020,Success
https://realtyassistant.in/awards-and-recognition/entrepreneur-of-the-year-2020,Success
https://realtyassistant.in/awards-and-recognition/eldeco-achievement-award,Success
https://realtyassistant.in/awards-and-recognition/greatest-brands-leaders-asia-gcc-20-21-award,Success
https://realtyassistant.in/awards-and-recognition/young-asian-entrepreneurs-2020-21,Success
https://realtyassistant.in/awards-and-recognition/property-management-firm-of-the-year-2020,Success
https://realtyassistant.in/awards-and-recognition/extraordinary-performance-fy-2021-22-award-by-godrej-properties-limited,Success
https://realtyassistant.in/awards-and-recognition/et-leadership-excellence-awards-north-2022,Success
https://realtyassistant.in/awards-and-recognition/certificate-of-excellence-star-performer-award-2021-22,Success
https://realtyassistant.in/awards-and-recognition/smart-world-torchbearers-emerging-champ-award-2022,Success
https://realtyassistant.in/awards-and-recognition/best-real-estate-consultant-residential-north-award,Success
https://realtyassistant.in/awards-and-recognition/gold-star-channel-partners,Success
https://realtyassistant.in/awards-and-recognition/realty-plus-40-under-40-winner-2023,Success
https://realtyassistant.in/awards-and-recognition/jagran-achiever-awards-2023,Success
https://realtyassistant.in/career/ppc-campaign-expert,Success
https://realtyassistant.in/career/sales-fos-pune,Success
https://realtyassistant.in/career/graphic-designer,Success
https://realtyassistant.in/career/art-director-graphic-designer-team-lead,Success
https://realtyassistant.in/career/facebook-native-campaign-expert,Success
https://realtyassistant.in/career/affiliate-marketing-expert,Success
https://realtyassistant.in/career/video-editor-motion-graphics,Success
https://realtyassistant.in/career/software-developer,Success
https://realtyassistant.in/career/email-marketing-expert,Success
https://realtyassistant.in/career/team-leader-sales-noida,Success
https://realtyassistant.in/career/relationship-manager-sales-noida,Success
https://realtyassistant.in/career/inside-sales-pre-sales-executive,Success
https://realtyassistant.in/career/quality-analyst,Success
https://realtyassistant.in/career/quality-analyst-team-lead,Success
https://realtyassistant.in/career/relationship-manager-sales-gurugram,Success
https://realtyassistant.in/career/relationship-manager-sales-pune,Success
https://realtyassistant.in/career/relationship-manager-sales-lucknow,Success
https://realtyassistant.in/career/team-leader-sales-lucknow,Success
https://realtyassistant.in/career/team-leader-sales-pune,Success
https://realtyassistant.in/career/post-sales-customer-delight-executive,Success
https://realtyassistant.in/career/content-writer,Success
https://realtyassistant.in/career/seo-executive,Success
https://realtyassistant.in/blog/tips-for-making-your-home-monsoon-ready,Success
https://realtyassistant.in/blog/mahada-economic-progress-commercial-projects-urban-development-ministry,Success
https://realtyassistant.in/blog/right-age-to-buy-a-home,Success
https://realtyassistant.in/blog/things-to-know-before-investing-in-real-estate,Success
https://realtyassistant.in/blog/commercial-property-office-spaces-invest-in-commercial-real-estate,Success
https://realtyassistant.in/blog/home-buying-trends-investment-in-residential-commercial-properties,Success
https://realtyassistant.in/blog/the-housing-market-is-booming-even-during-the-pandemic,Success
https://realtyassistant.in/blog/realty-assistant-gears-up-for-an-eco-friendly-holi-celebration,Success
https://realtyassistant.in/blog/5-natural-ways-to-keep-your-house-cool-during-summers,Success
https://realtyassistant.in/blog/the-rising-popularity-of-studio-apartments,Success
https://realtyassistant.in/blog/why-pune-is-one-of-the-top-cities-to-settle-in-india,Success
https://realtyassistant.in/blog/life-in-gurugram-city,Success
https://realtyassistant.in/blog/samsung-to-establish-the-display-manufacturing-unit-in-noida-up,Success
https://realtyassistant.in/blog/top-5-financial-mistakes-to-avoid-in-your-30s,Success
https://realtyassistant.in/blog/tips-for-moving-to-a-new-home-during-covid-19,Success
https://realtyassistant.in/blog/how-to-check-construction-quality-of-home,Success
https://realtyassistant.in/blog/trending-home-decor-ideas-2021,Success
https://realtyassistant.in/blog/increasing-demand-for-luxury-housing-in-future,Success
https://realtyassistant.in/blog/best-decor-ideas-for-living-room,Success
https://realtyassistant.in/blog/bullet-train-project-in-noida-and-greater-noida-to-boost-property-demand,Success
https://realtyassistant.in/blog/top-cities-in-india-for-property-investment,Success
https://realtyassistant.in/blog/homebuyers-in-ncr-are-now-looking-for-entire-complexes,Success
https://realtyassistant.in/blog/smart-home-trends-set-to-continue-into-the-next-decade,Success
https://realtyassistant.in/blog/a-comprehensive-home-loan-guide-for-first-time-home-buyers-in-india,Success
https://realtyassistant.in/blog/rekindled-aspirations-for-homeownership-90-of-prospective-buyers-expected-to-buy-a-house-within-the-next-three-months,Success
https://realtyassistant.in/blog/festive-season-a-good-time-to-invest-in-real-estate,Success
https://realtyassistant.in/blog/home-sales-in-mumbai-are-a-big-hit-this-navratri-the-city-sees-over-400-apartment-registrations-a-day,Success
https://realtyassistant.in/blog/diwali-decoration-ideas-for-your-home,Success
https://realtyassistant.in/blog/real-estate-booming-gurgaon-leads-in-housing-sales-noida-in-new-launches,Success
https://realtyassistant.in/blog/top-5-design-elements-for-a-happy-home,Success
https://realtyassistant.in/blog/india-s-real-estate-sector-is-expected-to-be-more-stable-and-perform-well-in-2022,Success
https://realtyassistant.in/blog/why-delhi-ncr-emerges-as-a-luxury-real-estate-hotspot-realty-assistant-decodes,Success
https://realtyassistant.in/blog/emerging-real-estate-trends-in-2022,Success
https://realtyassistant.in/blog/the-year-2021-turned-out-better-for-ncr-realty-with-an-increase-in-residential-sales,Success
https://realtyassistant.in/blog/the-year-2021-in-review-for-realty-assistant,Success
https://realtyassistant.in/blog/is-buying-property-in-india-a-tedious-task,Success
https://realtyassistant.in/blog/condos-vs-apartment-rentals-who-wins,Success
https://realtyassistant.in/blog/real-estate-primed-for-long-term-growth-up-rera,Success
https://realtyassistant.in/blog/yeida-on-a-jewar-high-prices-climb-38-in-three-years,Success
https://realtyassistant.in/blog/construction-of-noida-airport-begins-in-august-2022,Success
https://realtyassistant.in/blog/infrastructural-revolution-in-noida-and-greater-noida,Success
https://realtyassistant.in/blog/now-get-your-lease-agreement-online-in-noida,Success
https://realtyassistant.in/blog/co-working-has-arrived-and-it-s-here-to-stay,Success
https://realtyassistant.in/blog/housing-sales-set-to-hit-ten-year-high-in-2022,Success
https://realtyassistant.in/blog/home-prices-set-to-surge-in-coming-months,Success
https://realtyassistant.in/blog/real-estate-emerging-top-choice-for-investors-across-the-board,Success
https://realtyassistant.in/blog/7-3-lakh-crore-real-estate-investment-sets-up-uttar-pradesh-s-1-trillion-economy-blueprint,Success
https://realtyassistant.in/blog/primed-for-growth-is-old-news-real-estate-now-looking-at-double-digit-growth,Success
https://realtyassistant.in/blog/three-surprising-similarities-between-coffee-real-estate,Success
https://realtyassistant.in/blog/the-ultimate-guide-to-navigating-real-estate,Success
https://realtyassistant.in/blog/noida-s-next-chapter-three-projects-shaping-its-future,Success
https://realtyassistant.in/blog/gaur-yamuna-city-the-next-great-thing-in-real-estate,Success
https://realtyassistant.in/blog/10-reasons-why-gaur-yamuna-city-is-a-successful-investment-opportunity,Success
https://realtyassistant.in/blog/five-reasons-why-noida-is-the-next-gurugram,Success
https://realtyassistant.in/blog/is-buying-a-plot-near-jewar-airport-a-good-investment,Success
https://realtyassistant.in/blog/here-is-why-the-noida-international-airport-is-such-a-big-deal,Success
https://realtyassistant.in/blog/top-5-luxury-residences-in-noida,Success
https://realtyassistant.in/blog/do-you-know-this-about-pre-leased-investments,Success
https://realtyassistant.in/blog/biggest-malls-in-india,Success
https://realtyassistant.in/blog/top-5-upcoming-airports-in-the-world-you-should-know-about,Success
https://realtyassistant.in/blog/the-ultimate-investment-secret-should-you-choose-freehold-or-leasehold-property,Success
https://realtyassistant.in/blog/gurgaon-a-study-in-real-estate-resilience,Success
https://realtyassistant.in/blog/5-commercial-spaces-that-could-be-the-next-dlf-cyber-hub,Success
https://realtyassistant.in/blog/5-luxury-residences-in-pune-so-cool-you-ll-want-to-move-in-right-now,Success
https://realtyassistant.in/blog/five-cool-commercial-properties-in-lucknow-to-wow-you-away,Success
https://realtyassistant.in/blog/top-10-upcoming-expressways-in-india-you-should-know,Success
https://realtyassistant.in/blog/top-5-lucknow-addresses-that-you-can-call-home,Success
https://realtyassistant.in/blog/what-is-yeida-a-comprehensive-guide,Success
https://realtyassistant.in/blog/insider-picks-five-commercial-properties-in-noida-every-investor-dreams-about,Success
https://realtyassistant.in/property/ace-starlit-sector-152-noida,Success
https://realtyassistant.in/property/godrej-nest-sector-150-noida,Success
https://realtyassistant.in/property/signature-global-city-37d-gurugram,Success
https://realtyassistant.in/property/godrej-woods-sector-43-noida,Success
https://realtyassistant.in/property/m3m-boutique-floors-gurugram,Success
https://realtyassistant.in/property/hero-homes-dwarka-expressway-gurugram,Success
https://realtyassistant.in/property/dlf-mypad-lucknow,Success
https://realtyassistant.in/property/dlf-one-midtown-moti-nagar-west-delhi,Success
https://realtyassistant.in/property/mapsko-mount-ville-sector-79-gurgaon,Success
https://realtyassistant.in/property/puraniks-abitante-fiore-bavdhan-pune,Success
https://realtyassistant.in/property/signature-global-park-sector-36-gurgaon,Success
https://realtyassistant.in/property/shapoorji-pallonji-parkwest-evolve-bangalore,Success
https://realtyassistant.in/property/godrej-city-panvel-navi-mumbai,Success
https://realtyassistant.in/property/godrej-exquisite-kavesar-thane,Success
https://realtyassistant.in/property/godrej-riverhills-mahalunge-pune,Success
https://realtyassistant.in/property/max-antara-senior-livings-sector-150-noida,Success
https://realtyassistant.in/property/godrej-riverside-kalyan-west-thane,Success
https://realtyassistant.in/property/vj-yashone-infinitee-tathawade-punawale-pune,Success
https://realtyassistant.in/property/sahu-city-sultanpur-road-lucknow,Success
https://realtyassistant.in/property/one-oak-natura-lucknow,Success
https://realtyassistant.in/property/dlf-garden-city-floors-gurgaon,Success
https://realtyassistant.in/property/gulshan-one29-sector-129-noida,Success
https://realtyassistant.in/property/emaar-palm-heights-gurugram,Success
https://realtyassistant.in/property/majestique-marbella-kharadi-pune,Success
https://realtyassistant.in/property/vj-indilife-pashan-by-vilas-javdekar-pune,Success
https://realtyassistant.in/property/bhutani-alphathum-sector-90-noida,Success
https://realtyassistant.in/property/godrej-air-sector-85-gurugram,Success
https://realtyassistant.in/property/bhutani-city-center-150-noida,Success
https://realtyassistant.in/property/godrej-serenity-sector-33-gurgaon,Success
https://realtyassistant.in/property/bhutani-cyberthum-sector-140a-noida,Success
https://realtyassistant.in/property/godrej-hill-retreat-mahalunge-pune,Success
https://realtyassistant.in/property/rishita-mulberry-heights-lucknow,Success
https://realtyassistant.in/property/signature-global-city-81-gurugram,Success
https://realtyassistant.in/property/ats-homekraft-pious-orchards-noida,Success
https://realtyassistant.in/property/world-trade-center-wtc-cbd-noida,Success
https://realtyassistant.in/property/lodha-codename-only-the-best-nibm-pune,Success
https://realtyassistant.in/property/casa-greens-exotica-lucknow,Success
https://realtyassistant.in/property/bestech-park-view-sanskruti-gurgaon,Success
https://realtyassistant.in/property/godrej-meadows-mahalunge-pune,Success
https://realtyassistant.in/property/orion-one32-sector-132-noida,Success
https://realtyassistant.in/property/sobha-city-sector-108-gurgaon,Success
https://realtyassistant.in/property/tata-eureka-park-sector-150-noida,Success
https://realtyassistant.in/property/eldeco-live-by-the-greens-sector-150-noida,Success
https://realtyassistant.in/property/shapoorji-pallonji-joyville-prisma-hinjewadi,Success
https://realtyassistant.in/property/vtp-township-codename-pegasus-kharadi,Success
https://realtyassistant.in/property/godrej-parkridge-manjari-khurd-pune,Success
https://realtyassistant.in/property/godrej-meridien-dwarka-expressway-gurgaon,Success
https://realtyassistant.in/property/ats-marigold-sector-89a-gurgaon,Success
https://realtyassistant.in/property/m3m-capital-sector-113-gurgaon,Success
https://realtyassistant.in/property/excella-kutumb-lucknow,Success
https://realtyassistant.in/property/pintail-park-city-lucknow,Success
https://realtyassistant.in/property/ska-orion-sector-143b-noida,Success
https://realtyassistant.in/property/vtp-township-codename-blue-waters-pune,Success
https://realtyassistant.in/property/godrej-sky-greens-kharadi-pune,Success
https://realtyassistant.in/property/gulshan-dynasty-sector-144-noida,Success
https://realtyassistant.in/property/kunal-the-canary-balewadi-pune,Success
https://realtyassistant.in/property/kolte-patil-equa-wagholi-pune,Success
https://realtyassistant.in/property/majestique-towers-kharadi-pune,Success
https://realtyassistant.in/property/kalpataru-vista-sector-128-noida,Success
https://realtyassistant.in/property/godrej-palm-retreat-sector-150-noida,Success
https://realtyassistant.in/property/vj-yashwin-orizzonte-kharadi-pune,Success
https://realtyassistant.in/property/ats-kingston-heath-sector-150-noida,Success
https://realtyassistant.in/property/ats-knightsbridge-sector-124-noida,Success
https://realtyassistant.in/property/raheja-sterling-mohamadwadi-pune,Success
https://realtyassistant.in/property/dosti-nest-balkum-mumbai-thane,Success
https://realtyassistant.in/property/shapoorji-pallonji-skyraa-thane,Success
https://realtyassistant.in/property/mahindra-happinest-kalyan-bhiwandi-mumbai,Success
https://realtyassistant.in/property/godrej-upavan-thane-extension,Success
https://realtyassistant.in/property/unique-vistas-manpada-thane-west,Success
https://realtyassistant.in/property/runwal-code-name-enchanted-kolshet-thane-west,Success
https://realtyassistant.in/property/bhutani-grandthum-noida-extension-greater-noida-west,Success
https://realtyassistant.in/property/raymond-realty-tenx-habitat-thane-west-mumbai,Success
https://realtyassistant.in/property/lodha-amara-kolshet-road-thane-west-mumbai,Success
https://realtyassistant.in/property/saheel-itrend-life-wakad-pune,Success
https://realtyassistant.in/property/lodha-crown-majiwada-thane,Success
https://realtyassistant.in/property/central-park-flower-valley-sector-32-33-gurgaon,Success
https://realtyassistant.in/property/vilas-javdekar-nuovo-centro-wakad-pune-west,Success
https://realtyassistant.in/property/gulshan-botnia-sector-144-noida,Success
https://realtyassistant.in/property/ekana-mall-gomti-nagar-extension-lucknow,Success
https://realtyassistant.in/property/birla-navya-golf-course-extension-sector-63a-gurgaon,Success
https://realtyassistant.in/property/ashiana-anmol-sector-33-sohna-road-gurgaon,Success
https://realtyassistant.in/property/eldeco-acclaim-sector-2-sohna-gurgaon,Success
https://realtyassistant.in/property/pharande-spaces-puneville-punawale-pune,Success
https://realtyassistant.in/property/runwal-gardens-dombivli-east-thane,Success
https://realtyassistant.in/property/godrej-ascend-kolshet-road-thane-west-mumbai,Success
https://realtyassistant.in/property/rustomjee-uptown-urbania-majiwada-mumbai-thane,Success
https://realtyassistant.in/property/lodha-upper-thane-casa-eden-thane-west-mumbai,Success
https://realtyassistant.in/property/kolte-patil-universe-hinjewadi-pune,Success
https://realtyassistant.in/property/levana-bliss-delight-lucknow,Success
https://realtyassistant.in/property/lodha-crown-kolshet-thane,Success
https://realtyassistant.in/property/runwal-bliss-kanjurmarg-east-mumbai,Success
https://realtyassistant.in/property/eternia-at-kalpataru-park-city-kolshet-road-thane-west,Success
https://realtyassistant.in/property/the-prestige-city-mulund-west-mumbai,Success
https://realtyassistant.in/property/the-wadhwa-atmosphere-o2-mulund-west-mumbai,Success
https://realtyassistant.in/property/gaur-the-islands-pari-chowk-greater-noida,Success
https://realtyassistant.in/property/lodha-codename-premier-dombivli-east-thane,Success
https://realtyassistant.in/property/sai-world-dreams-dombivli-east-thane,Success
https://realtyassistant.in/property/rishita-manhattan-gomti-nagar-extension-lucknow,Success
https://realtyassistant.in/property/gpcl-brij-tower-sushant-golf-city-lucknow,Success
https://realtyassistant.in/property/gaurs-runway-suites-greater-noida,Success
https://realtyassistant.in/property/kohinoor-kaleido-wagholi-pune,Success
https://realtyassistant.in/property/vilas-yashone-eternitee-maan-hinjewadi-pune,Success
https://realtyassistant.in/property/gaur-yamuna-city-yamuna-expressway-greater-noida,Success
https://realtyassistant.in/property/godrej-south-estate-okhla-south-delhi,Success
https://realtyassistant.in/property/eon-fairfox-sector-140-noida,Success
https://realtyassistant.in/property/godrej-woodsville-hinjewadi-pune,Success
https://realtyassistant.in/property/godrej-golf-links-villas-greater-noida,Success
https://realtyassistant.in/property/saya-piazza-sector-131-noida,Success
https://realtyassistant.in/property/maasters-capitol-avenue-sector-62-noida,Success
https://realtyassistant.in/property/ocean-golden-i-noida-extension-greater-noida-west,Success
https://realtyassistant.in/property/trehan-iris-broadway-greater-noida-west,Success
https://realtyassistant.in/property/sikka-the-downtown-mall-of-noida-sector-98-noida,Success
https://realtyassistant.in/property/bhutani-cyber-park-sector-62-noida,Success
https://realtyassistant.in/property/bhutani-62-avenue-sector-62-noida,Success
https://realtyassistant.in/property/m3m-capital-walk-sector-113-gurgaon,Success
https://realtyassistant.in/property/smart-world-one-dxp-sector-113-gurgaon,Success
https://realtyassistant.in/property/smart-world-gems-sector-89-gurgaon,Success
https://realtyassistant.in/property/m3m-jewel-sector-25-mg-road-gurgaon,Success
https://realtyassistant.in/property/elan-the-presidential-sector-106-gurgaon,Success
https://realtyassistant.in/property/crc-joyous-noida-extension-greater-noida-west,Success
https://realtyassistant.in/property/godrej-rivergreens-manjari-pune,Success
https://realtyassistant.in/property/lodha-sterling-kolshet-thane,Success
https://realtyassistant.in/property/lodha-giardino-kharadi-pune,Success
https://realtyassistant.in/property/gera-world-of-joy-kharadi-pune,Success
https://realtyassistant.in/property/duville-riverdale-heights-kharadi-pune,Success
https://realtyassistant.in/property/duville-riverdale-residences-kharadi-pune,Success
https://realtyassistant.in/property/duville-riverdale-suites-kharadi-pune,Success
https://realtyassistant.in/property/sikka-kaamna-greens-sector-143-noida,Success
https://realtyassistant.in/property/paras-avenue-sector-129-noida,Success
https://realtyassistant.in/property/ekana-ontario-r3-gomti-nagar-extension-lucknow,Success
https://realtyassistant.in/property/runwal-25-hour-life-manpada-thane,Success
https://realtyassistant.in/property/lodha-crown-dombivli-east-thane,Success
https://realtyassistant.in/property/kohinoor-viva-city-dhanori-pune,Success
https://realtyassistant.in/property/lodha-bella-vita-nibm-road-pune,Success
https://realtyassistant.in/property/mantra-mirari-koregaon-park-mundhwa-pune,Success
https://realtyassistant.in/property/rishita-serenity-sushant-golf-city-lucknow,Success
https://realtyassistant.in/property/m3m-route-65-sector-65-gurgaon,Success
https://realtyassistant.in/property/m3m-paragon-57-sector-57-gurgaon,Success
https://realtyassistant.in/property/m3m-antalya-hills-sector-79-gurgaon,Success
https://realtyassistant.in/property/bptp-terra-sector-37d-dwarka-expressway-gurgaon,Success
https://realtyassistant.in/property/gaur-aerocity-yamuna-expressway-greater-noida,Success
https://realtyassistant.in/property/gaur-aero-suites-yamuna-expressway-greater-noida,Success
https://realtyassistant.in/property/the-hub-gaurs-runway-suites-gaur-yamuna-city-greater-noida,Success
https://realtyassistant.in/property/gaur-yamuna-city-krishn-villas-greater-noida,Success
https://realtyassistant.in/property/signature-global-city-79b-sector-79b-gurgaon,Success
https://realtyassistant.in/property/signature-global-city-93-sector-93-gurgaon,Success
https://realtyassistant.in/property/smart-world-orchard-sector-61-gurgaon,Success
https://realtyassistant.in/property/smart-world-orchard-street-sector-61-gurgaon,Success
https://realtyassistant.in/property/bestech-park-view-altura-sector-79-gurgaon,Success
https://realtyassistant.in/property/m3m-golf-hills-sector-79-gurgaon,Success
https://realtyassistant.in/property/bptp-astaire-gardens-sector-70a-gurgaon,Success
https://realtyassistant.in/property/m3m-crown-sector-111-gurgaon,Success
https://realtyassistant.in/property/m3m-the-cullinan-m3m-noida-sector-94-noida,Success
https://realtyassistant.in/property/gygy-mentis-sector-140-noida-expressway-noida,Success
https://realtyassistant.in/property/migsun-janpath-sushant-golf-city-lucknow,Success
https://realtyassistant.in/property/bptp-amstoria-country-floor-sector-102-dwarka-expressway-gurgaon,Success
https://realtyassistant.in/property/elan-the-mark-sector-106-dwarka-expressway-gurgaon,Success
https://realtyassistant.in/property/nx-one-mall-noida-extension-greater-noida-west,Success
https://realtyassistant.in/property/m3m-the-cullinan-avenue-sector-94-noida,Success
https://realtyassistant.in/property/mrg-the-crown-sector-106-dwarka-expressway-gurgaon,Success
https://realtyassistant.in/property/suncity-vatsal-valley-gwal-pahari-gurgaon,Success
https://realtyassistant.in/property/trehan-iris-broadway-sector-85-86-gurgaon,Success
https://realtyassistant.in/property/birla-navya-avik-sector-63a-gurgaon,Success
https://realtyassistant.in/property/trehan-luxury-floors-sector-67-gurgaon,Success
https://realtyassistant.in/property/ss-highpoint-sector-86-gurgaon,Success
https://realtyassistant.in/property/ss-omnia-sector-86-gurgaon,Success
https://realtyassistant.in/property/vilas-javdekar-portia-grande-baner-pune,Success
https://realtyassistant.in/property/lodha-palava-city-dombivli-east-thane-mumbai,Success
https://realtyassistant.in/property/lodha-palava-serenity-dombivli-east-thane-mumbai,Success
https://realtyassistant.in/property/lodha-panache-hinjewadi-pune,Success
https://realtyassistant.in/property/kohinoor-famville-hinjewadi-pune,Success
https://realtyassistant.in/property/kohinoor-westview-reserve-wakad-pune,Success
https://realtyassistant.in/property/vtp-dolce-vita-manjari-khurd-pune,Success
https://realtyassistant.in/property/vtp-flamante-wagholi-pune,Success
https://realtyassistant.in/property/vtp-bellissimo-hinjewadi-pune,Success
https://realtyassistant.in/property/vtp-earth-one-mahalunge-pune,Success
https://realtyassistant.in/property/ss-cendana-residences-sector-83-gurgaon,Success
https://realtyassistant.in/property/kohinoor-shangrila-pimpri-chinchwad-pune,Success
https://realtyassistant.in/property/lodha-bellavista-pokhran-road-thane,Success
https://realtyassistant.in/property/vtp-euphoria-kharadi-pune,Success
https://realtyassistant.in/property/rudra-adharshila-rohania-ganapur-road-varanasi,Success
https://realtyassistant.in/property/rudra-shobhagyam-harahua-varanasi,Success
https://realtyassistant.in/property/awadh-ambrosia-harahua-varanasi,Success
https://realtyassistant.in/property/uma-nilayam-ramnagar-varanasi,Success
https://realtyassistant.in/property/roma-golf-link-apartment-sunderpur-varanasi,Success
https://realtyassistant.in/property/gaur-yamuna-city-32nd-parkview-yamuna-expressway-greater-noida,Success
https://realtyassistant.in/property/gaur-waterfront-plots-1st-b-park-view-yamuna-expressway-greater-noida,Success
https://realtyassistant.in/property/gaur-lakeshore-villas-1st-a-park-view-yamuna-expressway-greater-noida,Success
https://realtyassistant.in/property/shri-radhey-kunj-sports-villas-aerovillas-7th-parkview-yamuna-expressway-greater-noida,Success
https://realtyassistant.in/property/gaur-yamuna-city-16th-parkview-yamuna-expressway-greater-noida,Success
https://realtyassistant.in/property/victorian-villas-6th-parkview-yamuna-expressway-greater-noida,Success
https://realtyassistant.in/property/gaur-city-7th-avenue-noida-extension-greater-noida-west,Success
https://realtyassistant.in/property/gaur-city-14th-avenue-noida-extension-greater-noida-west,Success
https://realtyassistant.in/property-in-varanasi,Success
https://realtyassistant.in/property-in-noida,Success
https://realtyassistant.in/property-in-gurugram,Success
https://realtyassistant.in/property-in-pune,Success
https://realtyassistant.in/property-in-lucknow,Success
https://realtyassistant.in/property-in-delhi,Success
https://realtyassistant.in/property-in-mumbai,Success
https://realtyassistant.in/property-in-bengaluru,Success
https://realtyassistant.in/property-in-navi-mumbai,Success
https://realtyassistant.in/property-in-greater-noida,Success
https://realtyassistant.in/real-estate-in-varanasi,Success
https://realtyassistant.in/real-estate-in-noida,Success
https://realtyassistant.in/real-estate-in-gurugram,Success
https://realtyassistant.in/real-estate-in-pune,Success
https://realtyassistant.in/real-estate-in-lucknow,Success
https://realtyassistant.in/real-estate-in-delhi,Success
https://realtyassistant.in/real-estate-in-mumbai,Success
https://realtyassistant.in/real-estate-in-bengaluru,Success
https://realtyassistant.in/real-estate-in-navi-mumbai,Success
https://realtyassistant.in/real-estate-in-greater-noida,Success
https://realtyassistant.in/flats-in-varanasi,Success
https://realtyassistant.in/flats-in-noida,Success
https://realtyassistant.in/flats-in-gurugram,Success
https://realtyassistant.in/flats-in-pune,Success
https://realtyassistant.in/flats-in-lucknow,Success
https://realtyassistant.in/flats-in-delhi,Success
https://realtyassistant.in/flats-in-mumbai,Success
https://realtyassistant.in/flats-in-bengaluru,Success
https://realtyassistant.in/flats-in-navi-mumbai,Success
https://realtyassistant.in/flats-in-greater-noida,Success
https://realtyassistant.in/flats-for-sale-in-varanasi/harahua,Success
https://realtyassistant.in/flats-for-sale-in-varanasi/ramnagar,Success
https://realtyassistant.in/flats-for-sale-in-varanasi/rohania,Success
https://realtyassistant.in/flats-for-sale-in-varanasi/sunderpur,Success
https://realtyassistant.in/flats-for-sale-in-noida/sector-152,Success
https://realtyassistant.in/flats-for-sale-in-noida/sector-150,Success
https://realtyassistant.in/flats-for-sale-in-noida/sector-43,Success
https://realtyassistant.in/flats-for-sale-in-noida/sector-129,Success
https://realtyassistant.in/flats-for-sale-in-noida/sector-90,Success
https://realtyassistant.in/flats-for-sale-in-noida/sector-140a,Success
https://realtyassistant.in/flats-for-sale-in-noida/sector-132,Success
https://realtyassistant.in/flats-for-sale-in-noida/sector-143b,Success
https://realtyassistant.in/flats-for-sale-in-noida/sector-144,Success
https://realtyassistant.in/flats-for-sale-in-noida/sector-128,Success
https://realtyassistant.in/flats-for-sale-in-noida/sector-124,Success
https://realtyassistant.in/flats-for-sale-in-noida/sector-140,Success
https://realtyassistant.in/flats-for-sale-in-noida/sector-131,Success
https://realtyassistant.in/flats-for-sale-in-noida/sector-62,Success
https://realtyassistant.in/flats-for-sale-in-noida/sector-98,Success
https://realtyassistant.in/flats-for-sale-in-noida/sector-143,Success
https://realtyassistant.in/flats-for-sale-in-noida/sector-94,Success
https://realtyassistant.in/flats-for-sale-in-noida/veritatis-nam-quia-s,Success
https://realtyassistant.in/flats-for-sale-in-noida/deserunt-proident-v,Success
https://realtyassistant.in/flats-for-sale-in-noida/www.test.com,Success
https://realtyassistant.in/flats-for-sale-in-noida/https://realtyassistant.in/,Success
https://realtyassistant.in/flats-for-sale-in-noida/realityasistant.in,Success
https://realtyassistant.in/flats-for-sale-in-noida/sector-2,Success
https://realtyassistant.in/flats-for-sale-in-noida/sector,sector,sector,Success
https://realtyassistant.in/flats-for-sale-in-gurugram/sector-37d,Success
https://realtyassistant.in/flats-for-sale-in-gurugram/sector-89,Success
https://realtyassistant.in/flats-for-sale-in-gurugram/sector-104,Success
https://realtyassistant.in/flats-for-sale-in-gurugram/sector-79,Success
https://realtyassistant.in/flats-for-sale-in-gurugram/sector-36,Success
https://realtyassistant.in/flats-for-sale-in-gurugram/sector-61,Success
https://realtyassistant.in/flats-for-sale-in-gurugram/sector-92,Success
https://realtyassistant.in/flats-for-sale-in-gurugram/sector-77,Success
https://realtyassistant.in/flats-for-sale-in-gurugram/sector-85,Success
https://realtyassistant.in/flats-for-sale-in-gurugram/sector-33,Success
https://realtyassistant.in/flats-for-sale-in-gurugram/sector-81,Success
https://realtyassistant.in/flats-for-sale-in-gurugram/sector-108,Success
https://realtyassistant.in/flats-for-sale-in-gurugram/sector-106,Success
https://realtyassistant.in/flats-for-sale-in-gurugram/sector-89a,Success
https://realtyassistant.in/flats-for-sale-in-gurugram/sector-113,Success
https://realtyassistant.in/flats-for-sale-in-gurugram/sector-32,Success
https://realtyassistant.in/flats-for-sale-in-gurugram/sector-63a,Success
https://realtyassistant.in/flats-for-sale-in-gurugram/sector-2,Success
https://realtyassistant.in/flats-for-sale-in-gurugram/sector-25,Success
https://realtyassistant.in/flats-for-sale-in-gurugram/sector-65,Success
https://realtyassistant.in/flats-for-sale-in-gurugram/sector-57,Success
https://realtyassistant.in/flats-for-sale-in-gurugram/sector-79b,Success
https://realtyassistant.in/flats-for-sale-in-gurugram/sector-93,Success
https://realtyassistant.in/flats-for-sale-in-gurugram/sector-70a,Success
https://realtyassistant.in/flats-for-sale-in-gurugram/sector-111,Success
https://realtyassistant.in/flats-for-sale-in-gurugram/eveniet-consequatur,Success
https://realtyassistant.in/flats-for-sale-in-gurugram/sector-102,Success
https://realtyassistant.in/flats-for-sale-in-gurugram/gwal-pahari,Success
https://realtyassistant.in/flats-for-sale-in-gurugram/sector-67,Success
https://realtyassistant.in/flats-for-sale-in-gurugram/sector-86,Success
https://realtyassistant.in/flats-for-sale-in-gurugram/sector-83,Success
https://realtyassistant.in/flats-for-sale-in-pune/bavdhan,Success
https://realtyassistant.in/flats-for-sale-in-pune/mahalunge,Success
https://realtyassistant.in/flats-for-sale-in-pune/pimpri-chinchwad,Success
https://realtyassistant.in/flats-for-sale-in-pune/kharadi,Success
https://realtyassistant.in/flats-for-sale-in-pune/pashan-hill,Success
https://realtyassistant.in/flats-for-sale-in-pune/nibm-road,Success
https://realtyassistant.in/flats-for-sale-in-pune/hinjewadi,Success
https://realtyassistant.in/flats-for-sale-in-pune/manjari-khurd,Success
https://realtyassistant.in/flats-for-sale-in-pune/balewadi,Success
https://realtyassistant.in/flats-for-sale-in-pune/wagholi,Success
https://realtyassistant.in/flats-for-sale-in-pune/mohamadwadi,Success
https://realtyassistant.in/flats-for-sale-in-pune/wakad,Success
https://realtyassistant.in/flats-for-sale-in-pune/punawale,Success
https://realtyassistant.in/flats-for-sale-in-pune/maan,Success
https://realtyassistant.in/flats-for-sale-in-pune/baner,Success
https://realtyassistant.in/flats-for-sale-in-pune/manjari,Success
https://realtyassistant.in/flats-for-sale-in-pune/dhanori,Success
https://realtyassistant.in/flats-for-sale-in-pune/mundhwa,Success
https://realtyassistant.in/flats-for-sale-in-pune/bavdhan,mahalunge,Success
https://realtyassistant.in/flats-for-sale-in-lucknow/gomti-nagar,Success
https://realtyassistant.in/flats-for-sale-in-lucknow/sultanpur-road,Success
https://realtyassistant.in/flats-for-sale-in-lucknow/sushant-golf-city,Success
https://realtyassistant.in/flats-for-sale-in-lucknow/sector-17,Success
https://realtyassistant.in/flats-for-sale-in-lucknow/bakkas,Success
https://realtyassistant.in/flats-for-sale-in-lucknow/gomti-nagar-extension,Success
https://realtyassistant.in/flats-for-sale-in-delhi/moti-nagar,Success
https://realtyassistant.in/flats-for-sale-in-delhi/doloremque-sed-paria,Success
https://realtyassistant.in/flats-for-sale-in-delhi/okhla,Success
https://realtyassistant.in/flats-for-sale-in-mumbai/thane,Success
https://realtyassistant.in/flats-for-sale-in-mumbai/kanjurmarg,Success
https://realtyassistant.in/flats-for-sale-in-mumbai/mulund-west,Success
https://realtyassistant.in/flats-for-sale-in-mumbai/thane,kanjurmarg,Success
https://realtyassistant.in/flats-for-sale-in-bengaluru/jagajeevanram-nagar,Success
https://realtyassistant.in/flats-for-sale-in-bengaluru/fugiat-et-duis-non-e,Success
https://realtyassistant.in/flats-for-sale-in-navi-mumbai/panvel,Success
https://realtyassistant.in/flats-for-sale-in-navi-mumbai/saepe-labore-nam-tem,Success
https://realtyassistant.in/flats-for-sale-in-navi-mumbai/sector-37d,Success
https://realtyassistant.in/flats-for-sale-in-greater-noida/noida-extension,Success
https://realtyassistant.in/flats-for-sale-in-greater-noida/pari-chowk,Success
https://realtyassistant.in/flats-for-sale-in-greater-noida/yamuna-expressway,Success
https://realtyassistant.in/flats-for-sale-in-greater-noida/sector-27,Success
https://realtyassistant.in/flats-for-sale-in-greater-noida/sector-ecotech-12,Success
https://realtyassistant.in/flats-for-sale-in-greater-noida/fugiat-vel-blanditii,Success
https://realtyassistant.in/flats-for-sale-in-greater-noida/noida,pari,Success
https://realtyassistant.in/real-estate-developer/ace-group,Success
https://realtyassistant.in/real-estate-developer/godrej-properties,Success
https://realtyassistant.in/real-estate-developer/signature-global,Success
https://realtyassistant.in/real-estate-developer/m3m-india,Success
https://realtyassistant.in/real-estate-developer/hero-realty,Success
https://realtyassistant.in/real-estate-developer/dlf-developer,Success
https://realtyassistant.in/real-estate-developer/shapoorji-pallonji-group,Success
https://realtyassistant.in/real-estate-developer/mapsko,Success
https://realtyassistant.in/real-estate-developer/puraniks,Success
https://realtyassistant.in/real-estate-developer/max-estate-india,Success
https://realtyassistant.in/real-estate-developer/vilas-javdekar-developers,Success
https://realtyassistant.in/real-estate-developer/sahu-developers,Success
https://realtyassistant.in/real-estate-developer/angel-dwellings,Success
https://realtyassistant.in/real-estate-developer/gulshan-homz,Success
https://realtyassistant.in/real-estate-developer/emaar-properties,Success
https://realtyassistant.in/real-estate-developer/majestique-landmarks,Success
https://realtyassistant.in/real-estate-developer/bhutani-infra,Success
https://realtyassistant.in/real-estate-developer/rishita-developer,Success
https://realtyassistant.in/real-estate-developer/ats-infrastructure-limited,Success
https://realtyassistant.in/real-estate-developer/wtc-noida-development-company,Success
https://realtyassistant.in/real-estate-developer/lodha-group,Success
https://realtyassistant.in/real-estate-developer/radhey-krishna-group,Success
https://realtyassistant.in/real-estate-developer/bestech-group,Success
https://realtyassistant.in/real-estate-developer/wellgrow-infotech,Success
https://realtyassistant.in/real-estate-developer/sobha-developers-ltd,Success
https://realtyassistant.in/real-estate-developer/tata-housing-group,Success
https://realtyassistant.in/real-estate-developer/eldeco-group,Success
https://realtyassistant.in/real-estate-developer/vtp-realty,Success
https://realtyassistant.in/real-estate-developer/excella-infrazone-llp,Success
https://realtyassistant.in/real-estate-developer/pintail-infracons,Success
https://realtyassistant.in/real-estate-developer/ska-group-orion,Success
https://realtyassistant.in/real-estate-developer/kunal-group-builders,Success
https://realtyassistant.in/real-estate-developer/kolte-patil-developers,Success
https://realtyassistant.in/real-estate-developer/kalpataru-limited,Success
https://realtyassistant.in/real-estate-developer/k-raheja-corp,Success
https://realtyassistant.in/real-estate-developer/dosti-realty,Success
https://realtyassistant.in/real-estate-developer/mahindra-lifespaces,Success
https://realtyassistant.in/real-estate-developer/unique-shanti-developers,Success
https://realtyassistant.in/real-estate-developer/runwal-group,Success
https://realtyassistant.in/real-estate-developer/raymond-realty,Success
https://realtyassistant.in/real-estate-developer/saheel-properties,Success
https://realtyassistant.in/real-estate-developer/central-park,Success
https://realtyassistant.in/real-estate-developer/ekana-sportz-city,Success
https://realtyassistant.in/real-estate-developer/birla-estates-pvt.-ltd.,Success
https://realtyassistant.in/real-estate-developer/ashiana-housing,Success
https://realtyassistant.in/real-estate-developer/pharande-promoters-and-builders,Success
https://realtyassistant.in/real-estate-developer/rustomjee-builders,Success
https://realtyassistant.in/real-estate-developer/levana-group,Success
https://realtyassistant.in/real-estate-developer/prestige-group,Success
https://realtyassistant.in/real-estate-developer/the-wadhwa-group,Success
https://realtyassistant.in/real-estate-developer/gaursons-india-private-limited,Success
https://realtyassistant.in/real-estate-developer/paradise-group,Success
https://realtyassistant.in/real-estate-developer/gpcl-builders-and-developers,Success
https://realtyassistant.in/real-estate-developer/kohinoor-group,Success
https://realtyassistant.in/real-estate-developer/fairfox-it-infra,Success
https://realtyassistant.in/real-estate-developer/saya-homes-private-limited,Success
https://realtyassistant.in/real-estate-developer/maasters-infra,Success
https://realtyassistant.in/real-estate-developer/ocean-infraheights,Success
https://realtyassistant.in/real-estate-developer/trehan-iris,Success
https://realtyassistant.in/real-estate-developer/sikka-group,Success
https://realtyassistant.in/real-estate-developer/smart-world-developer,Success
https://realtyassistant.in/real-estate-developer/elan-group,Success
https://realtyassistant.in/real-estate-developer/crc-group,Success
https://realtyassistant.in/real-estate-developer/gera-developments,Success
https://realtyassistant.in/real-estate-developer/duville-estates,Success
https://realtyassistant.in/real-estate-developer/paras-buildtech,Success
https://realtyassistant.in/real-estate-developer/mantra-properties,Success
https://realtyassistant.in/real-estate-developer/rishita-developers,Success
https://realtyassistant.in/real-estate-developer/bptp-builders,Success
https://realtyassistant.in/real-estate-developer/gygy-group,Success
https://realtyassistant.in/real-estate-developer/migsun,Success
https://realtyassistant.in/real-estate-developer/dah-greentech-group,Success
https://realtyassistant.in/real-estate-developer/mrg-world,Success
https://realtyassistant.in/real-estate-developer/suncity-projects,Success
https://realtyassistant.in/real-estate-developer/,Success
https://realtyassistant.in/real-estate-developer/anantraj-estates-and-birla-estates,Success
https://realtyassistant.in/real-estate-developer/trehan-home-developers,Success
https://realtyassistant.in/real-estate-developer/ss-group,Success
https://realtyassistant.in/real-estate-developer/rudra-real-estate,Success
https://realtyassistant.in/real-estate-developer/awadh-group,Success
https://realtyassistant.in/real-estate-developer/roma-builder,Success
https://realtyassistant.in/2bhk-flats-for-sale-in-varanasi,Success
https://realtyassistant.in/3bhk-flats-for-sale-in-varanasi,Success
https://realtyassistant.in/apartments-for-sale-in-varanasi,Success
https://realtyassistant.in/3bhk-flats-for-sale-in-noida,Success
https://realtyassistant.in/2bhk-flats-for-sale-in-noida,Success
https://realtyassistant.in/4bhk-flats-for-sale-in-noida,Success
https://realtyassistant.in/5bhk-flats-for-sale-in-noida,Success
https://realtyassistant.in/3.5bhk-flats-for-sale-in-noida,Success
https://realtyassistant.in/6bhk-flats-for-sale-in-noida,Success
https://realtyassistant.in/1bhk-flats-for-sale-in-noida,Success
https://realtyassistant.in/1.5bhk-flats-for-sale-in-noida,Success
https://realtyassistant.in/apartments-for-sale-in-noida,Success
https://realtyassistant.in/office-space-for-sale-in-noida,Success
https://realtyassistant.in/food-court-for-sale-in-noida,Success
https://realtyassistant.in/shops-for-sale-in-noida,Success
https://realtyassistant.in/showrooms-for-sale-in-noida,Success
https://realtyassistant.in/villas-for-sale-in-noida,Success
https://realtyassistant.in/high-street-retail-for-sale-in-noida,Success
https://realtyassistant.in/residential-for-sale-in-noida,Success
https://realtyassistant.in/2bhk-flats-for-sale-in-gurugram,Success
https://realtyassistant.in/3bhk-flats-for-sale-in-gurugram,Success
https://realtyassistant.in/3.5bhk-flats-for-sale-in-gurugram,Success
https://realtyassistant.in/4bhk-flats-for-sale-in-gurugram,Success
https://realtyassistant.in/2.5bhk-flats-for-sale-in-gurugram,Success
https://realtyassistant.in/5bhk-flats-for-sale-in-gurugram,Success
https://realtyassistant.in/1bhk-flats-for-sale-in-gurugram,Success
https://realtyassistant.in/1.5bhk-flats-for-sale-in-gurugram,Success
https://realtyassistant.in/apartments-for-sale-in-gurugram,Success
https://realtyassistant.in/independent-floors-for-sale-in-gurugram,Success
https://realtyassistant.in/office-space-for-sale-in-gurugram,Success
https://realtyassistant.in/shops-for-sale-in-gurugram,Success
https://realtyassistant.in/independent-floor-for-sale-in-gurugram,Success
https://realtyassistant.in/food-court-for-sale-in-gurugram,Success
https://realtyassistant.in/high-street-retail-for-sale-in-gurugram,Success
https://realtyassistant.in/villas-for-sale-in-gurugram,Success
https://realtyassistant.in/residential-plots-for-sale-in-gurugram,Success
https://realtyassistant.in/1bhk-flats-for-sale-in-pune,Success
https://realtyassistant.in/2bhk-flats-for-sale-in-pune,Success
https://realtyassistant.in/3bhk-flats-for-sale-in-pune,Success
https://realtyassistant.in/studio-flats-for-sale-in-pune,Success
https://realtyassistant.in/2.5bhk-flats-for-sale-in-pune,Success
https://realtyassistant.in/4bhk-flats-for-sale-in-pune,Success
https://realtyassistant.in/5bhk-flats-for-sale-in-pune,Success
https://realtyassistant.in/1.5bhk-flats-for-sale-in-pune,Success
https://realtyassistant.in/apartments-for-sale-in-pune,Success
https://realtyassistant.in/residential-studio-for-sale-in-pune,Success
https://realtyassistant.in/villas-for-sale-in-pune,Success
https://realtyassistant.in/residential-plots-for-sale-in-pune,Success
https://realtyassistant.in/studio-flats-for-sale-in-lucknow,Success
https://realtyassistant.in/1bhk-flats-for-sale-in-lucknow,Success
https://realtyassistant.in/2bhk-flats-for-sale-in-lucknow,Success
https://realtyassistant.in/3bhk-flats-for-sale-in-lucknow,Success
https://realtyassistant.in/plots-flats-for-sale-in-lucknow,Success
https://realtyassistant.in/4bhk-flats-for-sale-in-lucknow,Success
https://realtyassistant.in/commercial-studio-for-sale-in-lucknow,Success
https://realtyassistant.in/apartments-for-sale-in-lucknow,Success
https://realtyassistant.in/independent-floors-for-sale-in-lucknow,Success
https://realtyassistant.in/residential-plots-for-sale-in-lucknow,Success
https://realtyassistant.in/office-space-for-sale-in-lucknow,Success
https://realtyassistant.in/shops-for-sale-in-lucknow,Success
https://realtyassistant.in/villas-for-sale-in-lucknow,Success
https://realtyassistant.in/3bhk-flats-for-sale-in-delhi,Success
https://realtyassistant.in/1.5bhk-flats-for-sale-in-delhi,Success
https://realtyassistant.in/2.5bhk-flats-for-sale-in-delhi,Success
https://realtyassistant.in/5bhk-flats-for-sale-in-delhi,Success
https://realtyassistant.in/6bhk-flats-for-sale-in-delhi,Success
https://realtyassistant.in/studio-flats-for-sale-in-delhi,Success
https://realtyassistant.in/2bhk-flats-for-sale-in-delhi,Success
https://realtyassistant.in/1bhk-flats-for-sale-in-delhi,Success
https://realtyassistant.in/apartments-for-sale-in-delhi,Success
https://realtyassistant.in/plots-for-sale-in-delhi,Success
https://realtyassistant.in/independent-floors-for-sale-in-delhi,Success
https://realtyassistant.in/studio-for-sale-in-delhi,Success
https://realtyassistant.in/shops-for-sale-in-delhi,Success
https://realtyassistant.in/others-for-sale-in-delhi,Success
https://realtyassistant.in/2bhk-flats-for-sale-in-mumbai,Success
https://realtyassistant.in/3bhk-flats-for-sale-in-mumbai,Success
https://realtyassistant.in/1bhk-flats-for-sale-in-mumbai,Success
https://realtyassistant.in/4bhk-flats-for-sale-in-mumbai,Success
https://realtyassistant.in/5bhk-flats-for-sale-in-mumbai,Success
https://realtyassistant.in/6bhk-flats-for-sale-in-mumbai,Success
https://realtyassistant.in/1.5bhk-flats-for-sale-in-mumbai,Success
https://realtyassistant.in/2.5bhk-flats-for-sale-in-mumbai,Success
https://realtyassistant.in/apartments-for-sale-in-mumbai,Success
https://realtyassistant.in/villas-for-sale-in-mumbai,Success
https://realtyassistant.in/2bhk-flats-for-sale-in-bengaluru,Success
https://realtyassistant.in/3bhk-flats-for-sale-in-bengaluru,Success
https://realtyassistant.in/5bhk-flats-for-sale-in-bengaluru,Success
https://realtyassistant.in/apartments-for-sale-in-bengaluru,Success
https://realtyassistant.in/shops-for-sale-in-bengaluru,Success
https://realtyassistant.in/1bhk-flats-for-sale-in-navi-mumbai,Success
https://realtyassistant.in/2bhk-flats-for-sale-in-navi-mumbai,Success
https://realtyassistant.in/3bhk-flats-for-sale-in-navi-mumbai,Success
https://realtyassistant.in/5bhk-flats-for-sale-in-navi-mumbai,Success
https://realtyassistant.in/1.5bhk-flats-for-sale-in-navi-mumbai,Success
https://realtyassistant.in/apartments-for-sale-in-navi-mumbai,Success
https://realtyassistant.in/villas-for-sale-in-navi-mumbai,Success
https://realtyassistant.in/4bhk-flats-for-sale-in-greater-noida,Success
https://realtyassistant.in/5bhk-flats-for-sale-in-greater-noida,Success
https://realtyassistant.in/studio-flats-for-sale-in-greater-noida,Success
https://realtyassistant.in/plots-flats-for-sale-in-greater-noida,Success
https://realtyassistant.in/3bhk-flats-for-sale-in-greater-noida,Success
https://realtyassistant.in/2bhk-flats-for-sale-in-greater-noida,Success
https://realtyassistant.in/1bhk-flats-for-sale-in-greater-noida,Success
https://realtyassistant.in/1.5bhk-flats-for-sale-in-greater-noida,Success
https://realtyassistant.in/office-space-for-sale-in-greater-noida,Success
https://realtyassistant.in/shops-for-sale-in-greater-noida,Success
https://realtyassistant.in/apartments-for-sale-in-greater-noida,Success
https://realtyassistant.in/commercial-studio-for-sale-in-greater-noida,Success
https://realtyassistant.in/villas-for-sale-in-greater-noida,Success
https://realtyassistant.in/residential-studio-for-sale-in-greater-noida,Success
https://realtyassistant.in/food-court-for-sale-in-greater-noida,Success
https://realtyassistant.in/commercial-plots-for-sale-in-greater-noida,Success
https://realtyassistant.in/residential-for-sale-in-greater-noida,Success
https://realtyassistant.in/residential-plots-for-sale-in-greater-noida,Success
https://realtyassistant.in/independent-floor-for-sale-in-greater-noida,Success
